{
  "london": [51.36479766197935, -0.016960124324584866],
  "tignes": [45.49937389453707, 6.925884485789535],
  "whistler": [50.1231011088221, -122.95957030767799],
  "bologna": [44.476955925364244, 11.334176293603695],
  "vienna": [48.18633300820564, 16.3823305766507]
}